one_step,monte_carlo
-0.16445964574813843,-0.029871247708797455
-1.737883448600769,-0.30602410435676575
-0.22698462009429932,-0.03274386003613472
-1.5448496341705322,-0.23127613961696625
-5.152464389801025,-1.236189603805542
-7.82581090927124,-1.2481539249420166
-3.2446517944335938,-0.505784809589386
-3.92173433303833,-0.511845588684082
-6.045589447021484,-0.7216940522193909
-3.0211000442504883,-0.38480570912361145
-3.7084755897521973,-0.4445219039916992
-1.9626144170761108,-0.29475387930870056
-2.6653735637664795,-0.3651392459869385
-2.649223804473877,-0.35786670446395874
-3.218691349029541,-0.4438851475715637
-1.8766690492630005,-0.3307768702507019
-2.726447105407715,-0.38641107082366943
-4.818284034729004,-1.1659938097000122
-3.536165714263916,-0.7700260877609253
-5.152738571166992,-0.8060298562049866
-3.9455513954162598,-0.5720665454864502
-6.289145469665527,-1.1092983484268188
-6.1271586418151855,-0.8071671724319458
-5.794800758361816,-0.7372370362281799
-5.22242546081543,-0.7942160964012146
-5.849432468414307,-0.74892258644104
-2.2216525077819824,-0.36409929394721985
-2.9670791625976562,-0.4380815327167511
-3.252488374710083,-0.42877620458602905
-3.0303893089294434,-0.4525299668312073
-5.3675432205200195,-0.6380760073661804
-5.8727030754089355,-0.8352047204971313
-6.675432205200195,-0.7591434121131897
-4.505043029785156,-0.4993537366390228
-3.437880039215088,-0.5379461646080017
-2.1756930351257324,-1.7186493873596191
-2.721975326538086,-0.5284752249717712
-5.275274753570557,-1.4674707651138306
-3.5399563312530518,-1.0055396556854248
-5.9157514572143555,-1.5583409070968628
-4.828016757965088,-1.3264687061309814
-5.752813339233398,-1.2184748649597168
-4.311579704284668,-0.9691060185432434
-8.16571044921875,-2.288776397705078
-4.090153694152832,-1.1616473197937012
-5.499311923980713,-1.12527596950531
-6.477630615234375,-1.1438403129577637
-5.36112117767334,-1.3840882778167725
-7.544175148010254,-1.6056818962097168
-5.806072235107422,-1.188206434249878
-8.93317985534668,-4.085086822509766
-7.962855815887451,-3.7605085372924805
-6.186279296875,-8.399687767028809
-9.192119598388672,-6.428662300109863
-3.4941964149475098,-1.993914008140564
-2.034670114517212,-1.8675912618637085
-2.763495445251465,-0.8040287494659424
-3.391902446746826,-1.2894597053527832
-3.923032760620117,-1.4266343116760254
-2.083357095718384,-0.7085422277450562
-2.7316770553588867,-0.9876933693885803
-3.1576342582702637,-0.8340218663215637
-3.7793221473693848,-1.0871086120605469
-2.077838182449341,-0.5984392762184143
-2.915376663208008,-1.0078989267349243
-2.84130597114563,-1.180317759513855
-2.7962050437927246,-0.7278565168380737
-2.900947093963623,-1.1056236028671265
-2.8729934692382812,-1.1947741508483887
-4.132245063781738,-1.2618205547332764
-2.1085245609283447,-0.5090315341949463
-2.863645076751709,-0.8707824945449829
-3.612560749053955,-0.8317229151725769
-2.156032085418701,-0.4361457824707031
-6.861583232879639,-1.922336220741272
-6.753603935241699,-1.7060511112213135
-2.8523600101470947,-0.6250099539756775
-6.811278343200684,-2.378488779067993
-6.8705058097839355,-2.043217658996582
-3.821152687072754,-1.4513548612594604
-2.1445889472961426,-0.47881025075912476
-3.5632009506225586,-1.453203797340393
-3.82031512260437,-0.9654626250267029
-2.140213966369629,-0.5630043148994446
-4.760109901428223,-1.4284729957580566
-2.8572921752929688,-1.4408732652664185
-6.206495761871338,-1.7914682626724243
-2.898125171661377,-0.6215072870254517
-4.802439212799072,-1.4954469203948975
-2.728458881378174,-1.2994776964187622
-6.1316914558410645,-1.9198060035705566
-4.043198585510254,-1.454806923866272
-2.070831775665283,-0.45196622610092163
-2.839179039001465,-0.9132044911384583
-3.3090105056762695,-0.8395219445228577
-2.205152988433838,-0.552697479724884
-2.760833501815796,-3.260251998901367
-2.5458741188049316,-2.652636766433716
-5.3656511306762695,-3.565479278564453
-2.1369197368621826,-0.5372010469436646
-3.561398983001709,-0.7637001872062683
-9.86301040649414,-2.2254045009613037
-2.4682693481445312,-0.46662670373916626
-1.935376524925232,-0.4906328022480011
-1.8302017450332642,-0.3768056035041809
-3.6485509872436523,-0.7011061906814575
-3.352720260620117,-0.7333539724349976
-2.2539234161376953,-0.5073162913322449
-2.8066229820251465,-0.7567971348762512
-4.713971138000488,-1.294282078742981
-2.683627128601074,-0.6911802887916565
-2.839667320251465,-0.6473497748374939
-2.1341147422790527,-0.4634084105491638
-2.2711586952209473,-0.4873419404029846
-2.2055509090423584,-0.5055792927742004
-3.136054515838623,-1.7381845712661743
-1.6858376264572144,-0.5360843539237976
-2.390305995941162,-0.9610040783882141
-2.917372703552246,-1.0062944889068604
-3.8948025703430176,-2.031733512878418
-2.065441608428955,-0.307791143655777
-2.9469738006591797,-0.9519519209861755
-1.7936118841171265,-0.4864887297153473
-0.6180881261825562,-0.1368085891008377
-0.8187294006347656,-0.104424849152565
-0.3550323247909546,-0.054225701838731766
-0.2844325006008148,-0.028755957260727882
-0.0033654500730335712,-0.0005162032321095467
-0.16445964574813843,-0.02427256852388382
-1.737883448600769,-0.24344958364963531
-0.22698462009429932,-0.030438896268606186
-1.5448496341705322,-0.3056934177875519
-4.714964389801025,-0.8516455292701721
-5.82581090927124,-1.184495449066162
-3.8071517944335938,-1.099470615386963
-3.23423433303833,-1.8643791675567627
-4.170589447021484,-2.5735268592834473
-2.8336000442504883,-0.7629032135009766
-3.5209755897521973,-0.5756928324699402
-1.9626144170761108,-0.43198931217193604
-2.8528735637664795,-0.4582650065422058
-3.211723804473877,-0.4426109790802002
-1.9061912298202515,-0.3324560225009918
-2.689168930053711,-0.3569476008415222
-2.788947105407715,-0.34220510721206665
-3.130783796310425,-0.40683090686798096
-3.536165714263916,-0.5875158905982971
-1.9652384519577026,-0.243576779961586
-2.7580513954162598,-0.42222023010253906
-3.7266457080841064,-0.7515378594398499
-3.0646586418151855,-0.8042173981666565
-6.794800758361816,-1.1347154378890991
-5.59742546081543,-0.9766437411308289
-5.349432468414307,-0.9022548198699951
-4.284152507781982,-0.5130588412284851
-7.404579162597656,-1.294019341468811
-6.783738136291504,-0.7767625451087952
-6.592889308929443,-0.8030910491943359
-5.6175432205200195,-0.6453999280929565
-6.1227030754089355,-0.7723702788352966
-2.3004324436187744,-0.3567969501018524
-2.9425430297851562,-0.40189027786254883
-3.375380039215088,-0.47271931171417236
-3.1131930351257324,-0.4424424469470978
-5.971975326538086,-0.9679011702537537
-6.744024753570557,-1.2776529788970947
-7.414956092834473,-1.2721565961837769
-5.0407514572143555,-0.8769350051879883
-3.453016757965088,-0.6856151223182678
-2.6903133392333984,-0.7446895837783813
-6.499079704284668,-1.204931616783142
-6.446960926055908,-1.5931283235549927
-4.902653694152832,-1.2645736932754517
-5.874311923980713,-1.2676770687103271
-4.290130615234375,-1.1420438289642334
-10.76737117767334,-4.0509724617004395
-4.200425148010254,-1.2378852367401123
-5.618572235107422,-0.9003310799598694
-6.62067985534668,-1.1474555730819702
-8.65035629272461,-2.4458742141723633
-10.280029296875,-2.599072217941284
-4.22337007522583,-1.4604512453079224
-8.650445938110352,-2.1226792335510254
-7.878419876098633,-2.2441811561584473
-4.825995445251465,-1.8637017011642456
-5.454402446746826,-1.9064173698425293
-5.298032760620117,-2.07849383354187
-4.395856857299805,-1.0865514278411865
-2.1066770553588867,-0.4910854399204254
-2.7201342582702637,-0.5962028503417969
-2.9043221473693848,-0.7076913714408875
-2.952838182449341,-0.7107980847358704
-3.602876663208008,-0.6196717023849487
-2.77880597114563,-0.48423582315444946
-6.483705043792725,-1.1335532665252686
-10.463447570800781,-1.635694146156311
-8.935493469238281,-2.0479884147644043
-8.382245063781738,-2.622128486633301
-5.796024322509766,-1.1241302490234375
-4.363645076751709,-0.8139880299568176
-6.300060749053955,-1.5686160326004028
-2.156032085418701,-0.5950105786323547
-2.6740832328796387,-0.7616106867790222
-3.25360369682312,-0.9525939226150513
-5.164859771728516,-1.9897586107254028
-2.1237785816192627,-0.6660634875297546
-3.5580058097839355,-0.9920992255210876
-8.789902687072754,-2.4557900428771973
-3.8945889472961426,-2.6254889965057373
-6.438200950622559,-1.5216453075408936
-6.382815361022949,-2.5942821502685547
-2.140213966369629,-0.7444062232971191
-2.8851101398468018,-1.0213261842727661
-6.794792175292969,-2.187060594558716
-4.331495761871338,-1.11234712600708
-6.085625171661377,-1.4385427236557007
-3.9899392127990723,-0.9434254169464111
-2.978458881378174,-0.6793347001075745
-7.3816914558410645,-1.4496204853057861
-7.668198585510254,-2.3241539001464844
-7.008331775665283,-2.62691330909729
-7.339179039001465,-2.811342477798462
-8.49651050567627,-8.060558319091797
-5.267652988433838,-2.7207834720611572
-3.323333501815796,-4.504151344299316
-2.4208741188049316,-0.4945809245109558
-2.5531511306762695,-0.5725566148757935
-4.261919975280762,-0.9739693999290466
-4.936398983001709,-1.1602483987808228
-3.1130104064941406,-0.6008608937263489
-4.343269348144531,-0.9936630129814148
-5.6228766441345215,-1.95775306224823
-3.3302016258239746,-0.6622850298881531
-3.7735509872436523,-0.6288400888442993
-7.040220260620117,-7.599720478057861
-8.222673416137695,-5.879206657409668
-9.431622505187988,-2.413858652114868
-2.338970899581909,-0.56033855676651
-3.433627128601074,-0.5200590491294861
-3.902167320251465,-0.5726211667060852
-6.571614742279053,-1.143905520439148
-6.708658695220947,-1.155523419380188
-4.2055511474609375,-0.8021184206008911
-2.386054515838623,-0.5698956251144409
-2.623337745666504,-0.5521636605262756
-4.390305995941162,-0.8593266606330872
-2.292372703552246,-0.46093860268592834
-4.082302570343018,-0.8602834939956665
-3.252941608428955,-1.60818612575531
-1.7594739198684692,-0.26274415850639343
-1.0436118841171265,-0.2079336941242218
-0.6180881261825562,-0.24580879509449005
-0.8187294006347656,-0.11387421190738678
-0.3550323247909546,-0.059004273265600204
-0.2844325006008148,-0.030465716496109962
-0.0033654500730335712,-0.0007520281942561269
-0.16445964574813843,-0.13347294926643372
-1.737883448600769,-0.7550506591796875
-0.22698462009429932,-0.12789787352085114
-1.5448496341705322,-0.8518694639205933
-3.1524643898010254,-1.5565580129623413
-3.5133109092712402,-1.1677387952804565
-4.307151794433594,-1.3138689994812012
-3.35923433303833,-1.562716007232666
-5.358089447021484,-1.7275750637054443
-3.5211000442504883,-0.928536593914032
-6.645975589752197,-3.309987783432007
-3.0251145362854004,-1.2014336585998535
-5.852873802185059,-2.3834078311920166
-2.024223804473877,-0.5601854920387268
-2.718691349029541,-0.7155720591545105
-3.439168930053711,-0.7384340763092041
-2.726447105407715,-0.8075756430625916
-4.630784034729004,-1.3407071828842163
-3.723665714263916,-1.1356279850006104
-7.027738571166992,-1.9556628465652466
-4.63305139541626,-0.9536644816398621
-1.9766457080841064,-0.6744376420974731
-3.3771586418151855,-0.702364981174469
-3.2323005199432373,-0.6395424008369446
-2.1599252223968506,-0.5234273672103882
-2.7869324684143066,-0.6550816297531128
-3.0341525077819824,-0.726681649684906
-3.3420791625976562,-0.7191057801246643
-4.252488136291504,-0.9028212428092957
-2.2803893089294434,-0.5982875823974609
-3.1175432205200195,-0.7786632180213928
-3.3102030754089355,-0.8553188443183899
-5.675432205200195,-3.0596094131469727
-2.8175430297851562,-3.1298723220825195
-12.31287956237793,-9.4718656539917
-6.238193035125732,-2.411475896835327
-4.471975326538086,-1.8268357515335083
-6.806524753570557,-2.1414151191711426
-2.2274563312530518,-0.651043176651001
-3.4782516956329346,-0.8469193577766418
-4.328016757965088,-1.6929924488067627
-2.1278133392333984,-0.5469444394111633
-2.811579704284668,-0.6859829425811768
-3.134460926055908,-0.8183056116104126
-3.652653694152832,-1.3476860523223877
-7.811811923980713,-4.317110538482666
-6.227630615234375,-3.4132368564605713
-5.61112117767334,-2.9170632362365723
-9.606675148010254,-3.673110008239746
-4.368572235107422,-1.8407106399536133
-2.1206796169281006,-1.2047088146209717
-2.712855815887451,-1.29212486743927
-2.811279058456421,-1.2102313041687012
-2.84837007522583,-1.9344204664230347
-7.74419641494751,-2.4643890857696533
-2.034670114517212,-0.5918647646903992
-2.638495445251465,-0.7624198794364929
-2.829402446746826,-0.7003336548805237
-2.923032760620117,-1.0932656526565552
-3.583357095718384,-0.9285438656806946
-6.106677055358887,-2.7717485427856445
-3.7201342582702637,-0.865082859992981
-4.904322147369385,-1.2008367776870728
-5.452837944030762,-1.4531875848770142
-6.477876663208008,-1.8830680847167969
-2.09130597114563,-0.9109669923782349
-3.4837050437927246,-1.8425602912902832
-2.025947093963623,-2.532736301422119
-2.8104934692382812,-3.0427463054656982
-9.225995063781738,-5.858916759490967
-4.233524322509766,-2.817326068878174
-2.113645076751709,-1.0143377780914307
-2.737560749053955,-1.2077913284301758
-2.781032085418701,-1.2598298788070679
-2.7990832328796387,-1.7252291440963745
-4.441103935241699,-1.4331926107406616
-5.227359771728516,-1.5984296798706055
-2.1237785816192627,-0.5775918364524841
-4.7455058097839355,-1.7089381217956543
-6.758652687072754,-2.691380739212036
-2.6445889472961426,-1.7496999502182007
-3.9382009506225586,-1.0031977891921997
-6.820315361022949,-1.6032639741897583
-5.702713966369629,-1.6427260637283325
-10.103859901428223,-3.72904109954834
-12.591667175292969,-5.1898627281188965
-9.45649528503418,-1.9720133543014526
-4.585625171661377,-1.477108359336853
-2.1149392127990723,-0.34237051010131836
-2.665958881378174,-0.49017253518104553
-2.8816914558410645,-0.46024736762046814
-2.793198585510254,-0.7149877548217773
-4.195831775665283,-0.7950131893157959
-6.339179039001465,-1.5884891748428345
-4.3090105056762695,-0.8748751282691956
-5.767652988433838,-1.3578401803970337
-6.510833740234375,-1.788425326347351
-6.983374118804932,-1.6074210405349731
-2.5531511306762695,-0.6789867281913757
-2.8869197368621826,-0.8838130235671997
-5.561398983001709,-1.0433357954025269
-6.300510406494141,-1.425010323524475
-3.2807693481445312,-0.8023381233215332
-3.1853766441345215,-0.9701717495918274
-3.5802016258239746,-1.130543828010559
-3.7735509872436523,-1.0881175994873047
-5.352720260620117,-1.2396786212921143
-2.6914234161376953,-0.5906702876091003
-2.8066229820251465,-0.6905389428138733
-4.276471138000488,-1.2323724031448364
-4.808627128601074,-1.1993447542190552
-3.277167320251465,-0.8114725351333618
-3.0091147422790527,-1.1356570720672607
-3.1461586952209473,-1.118952989578247
-2.0805509090423584,-0.7460505366325378
-2.386054515838623,-0.7703130841255188
-2.623337745666504,-0.7596561312675476
-4.015305995941162,-1.6855652332305908
-2.292372703552246,-0.6094110012054443
-4.082302570343018,-1.4636852741241455
-2.190441608428955,-0.5538113713264465
-1.7594739198684692,-0.2340460866689682
-1.0436118841171265,-0.2516964077949524
-0.6180881261825562,-0.3366680443286896
-0.8187294006347656,-0.08141215145587921
-0.3550323247909546,-0.05560704693198204
-0.2844325006008148,-0.014224893413484097
-0.0033654500730335712,-0.0013926280662417412
-0.16445964574813843,-0.025579242035746574
-1.737883448600769,-0.28295353055000305
-0.22698462009429932,-0.03380009904503822
-1.5448496341705322,-0.3615005612373352
-3.1524643898010254,-1.2127463817596436
-3.5133109092712402,-1.0281909704208374
-5.682151794433594,-1.478601098060608
-9.827983856201172,-2.5634191036224365
-3.9830896854400635,-1.069749116897583
-2.0211000442504883,-0.4381803572177887
-2.9584755897521973,-0.7310671210289001
-4.0251145362854,-1.0665837526321411
-1.9153735637664795,-0.4623875916004181
-2.586723804473877,-0.5792929530143738
-2.781191349029541,-0.6685911417007446
-4.501668930053711,-1.1165351867675781
-1.9139469861984253,-0.4064963161945343
-2.568283796310425,-0.6707620024681091
-3.411165714263916,-0.6941035985946655
-3.340238571166992,-0.8375794887542725
-3.1955513954162598,-0.9806196093559265
-3.7891457080841064,-1.3311620950698853
-2.0021586418151855,-0.645858883857727
-2.6698005199432373,-0.8264397978782654
-3.0974252223968506,-0.9433090686798096
-3.0369324684143066,-1.0024266242980957
-4.159152507781982,-1.472089171409607
-2.2795791625976562,-0.5454885363578796
-2.939988374710083,-0.7887777090072632
-4.155389308929443,-1.0930240154266357
-2.3050432205200195,-0.516749918460846
-3.0602030754089355,-0.6738107800483704
-3.3004324436187744,-0.6503376960754395
-3.1300430297851562,-0.7167525291442871
-3.437880039215088,-0.7876015901565552
-7.863193035125732,-2.533137083053589
-3.534475326538086,-1.0865321159362793
-4.025274753570557,-1.601540207862854
-6.352456092834473,-2.4494173526763916
-6.1657514572143555,-2.376730442047119
-10.79676628112793,-4.909580707550049
-10.721563339233398,-3.8948354721069336
-7.249079704284668,-3.0802953243255615
-5.634460926055908,-2.1409547328948975
-4.965153694152832,-2.1600522994995117
-3.499311923980713,-1.18116295337677
-4.227630615234375,-1.6274374723434448
-2.048621416091919,-0.599722146987915
-2.700425386428833,-0.738262414932251
-3.1810719966888428,-1.1478134393692017
-4.62067985534668,-2.2159337997436523
-3.962855815887451,-1.6519683599472046
-2.061279058456421,-0.5742804408073425
-2.91087007522583,-1.1095813512802124
-3.6816964149475098,-3.2836833000183105
-2.034670114517212,-1.5296168327331543
-2.763495445251465,-2.6229665279388428
-2.766902446746826,-2.2118170261383057
-2.798032760620117,-2.4343583583831787
-6.833356857299805,-5.303888320922852
-3.7316770553588867,-1.7601386308670044
-6.595134258270264,-1.9260611534118652
-5.779322147369385,-5.174638748168945
-8.265337944030762,-5.298503398895264
-2.040376663208008,-0.7769618034362793
-3.46630597114563,-1.052507996559143
-4.921205043792725,-1.9622660875320435
-2.025947093963623,-0.5775431394577026
-2.6854934692382812,-1.0165059566497803
-3.2572450637817383,-1.2193398475646973
-4.421024322509766,-1.4920573234558105
-5.238645076751709,-2.1495487689971924
-4.362560749053955,-2.652076482772827
-2.156032085418701,-0.9952681064605713
-2.6740832328796387,-1.145404577255249
-2.87860369682312,-0.8617469668388367
-2.7898600101470947,-1.6563169956207275
-3.6862785816192627,-2.6687474250793457
-6.4330058097839355,-2.473180055618286
-5.633652687072754,-2.3445992469787598
-6.457088947296143,-4.876321792602539
-8.844450950622559,-4.303536415100098
-10.13281536102295,-5.687868118286133
-3.765213966369629,-1.6507134437561035
-2.8226101398468018,-3.357231378555298
-2.8572921752929688,-1.4008593559265137
-2.831495761871338,-1.2958416938781738
-6.898125171661377,-2.0222599506378174
-3.9899392127990723,-1.3408130407333374
-4.290958881378174,-1.4035131931304932
-5.9441914558410645,-1.3376522064208984
-5.605698585510254,-1.5198396444320679
-2.070831775665283,-0.656489908695221
-3.589179039001465,-0.6269049048423767
-4.2465105056762695,-0.6831653714179993
-2.205152988433838,-0.4147518575191498
-2.448333501815796,-0.49386632442474365
-3.9833741188049316,-0.5344012379646301
-4.2406511306762695,-0.8045095205307007
-2.7619197368621826,-0.42327049374580383
-2.936398983001709,-0.5242748260498047
-4.300510406494141,-0.6644831895828247
-3.2807693481445312,-0.4864102900028229
-3.1853766441345215,-0.5778544545173645
-3.5802016258239746,-0.48926520347595215
-3.7735509872436523,-0.5677095651626587
-5.352720260620117,-1.1430519819259644
-2.6914234161376953,-0.5622515082359314
-4.9941229820251465,-0.8889755010604858
-9.526471138000488,-2.3552730083465576
-3.308627128601074,-0.696936845779419
-3.902167320251465,-0.481342613697052
-6.571614742279053,-0.9734219312667847
-6.708658695220947,-0.9356735944747925
-4.2055511474609375,-0.6497747302055359
-3.448554515838623,-0.5084698796272278
-3.623337745666504,-0.6640920042991638
-1.952805995941162,-0.3011489808559418
-2.979872703552246,-0.39404791593551636
-3.0198025703430176,-0.4510323107242584
-2.190441608428955,-0.4369871914386749
-1.7594739198684692,-0.21524222195148468
-1.0436118841171265,-0.18979164958000183
-0.6180881261825562,-0.23116366565227509
-0.8187294006347656,-0.10140403360128403
-0.3550323247909546,-0.05451907962560654
-0.2844325006008148,-0.02830476127564907
-0.0033654500730335712,-0.001958636101335287
-0.16445964574813843,-0.26114630699157715
-2.7378835678100586,-1.5605154037475586
-0.22698462009429932,-0.1974354237318039
-2.2323496341705322,-0.7500169277191162
-1.7149643898010254,-0.6784687042236328
-3.3258109092712402,-1.100253701210022
-4.932151794433594,-1.1319817304611206
-3.98423433303833,-0.8594377636909485
-3.6705896854400635,-0.7609360218048096
-4.021100044250488,-0.7932601571083069
-4.895975589752197,-0.8362085223197937
-1.9626144170761108,-0.2794462740421295
-2.6653735637664795,-0.3946126699447632
-3.024223804473877,-0.4483157694339752
-2.656191349029541,-0.3956635296344757
-4.314168930053711,-0.6660452485084534
-3.476447105407715,-0.5415309071540833
-4.318284034729004,-0.6388245224952698
-5.286165714263916,-0.8155819177627563
-3.027738571166992,-0.4297512471675873
-3.1955513954162598,-0.47979316115379333
-1.9766457080841064,-0.26262256503105164
-2.6896586418151855,-0.3227434456348419
-2.9823005199432373,-0.3363353908061981
-3.3474252223968506,-0.41773802042007446
-2.1619324684143066,-0.3471982479095459
-2.8466525077819824,-0.34982356429100037
-8.248329162597656,-1.4559067487716675
-4.877488136291504,-1.5005286931991577
-4.717889308929443,-1.217189908027649
-5.9925432205200195,-4.849293231964111
-7.0289530754089355,-4.8119049072265625
-7.112932205200195,-6.188438892364502
-4.255043029785156,-1.0666135549545288
-2.687880039215088,-0.869722306728363
-2.7381930351257324,-0.7154627442359924
-5.471975326538086,-1.6824970245361328
-10.587774276733398,-5.001363754272461
-3.9774563312530518,-1.2771176099777222
-2.7282516956329346,-0.7019182443618774
-2.828016757965088,-0.7458826899528503
-3.0653133392333984,-0.8132713437080383
-4.186579704284668,-1.2941042184829712
-2.134460926055908,-0.5955777168273926
-2.965153694152832,-1.0208275318145752
-3.874311923980713,-1.1002683639526367
-2.102630853652954,-0.5338751077651978
-6.48612117767334,-2.7955684661865234
-3.137925386428833,-1.203296184539795
-2.7435719966888428,-0.793120265007019
-6.49567985534668,-3.3783369064331055
-3.087855815887451,-1.0528534650802612
-4.123779296875,-1.2413595914840698
-2.03587007522583,-0.5487619638442993
-3.4316964149475098,-1.046289324760437
-3.784670114517212,-1.1427773237228394
-2.013495445251465,-0.5024999380111694
-2.704402446746826,-1.6084131002426147
-2.798032760620117,-0.8155466914176941
-2.833357095718384,-1.1277254819869995
-2.7941770553588867,-0.6936271786689758
-2.7201342582702637,-1.1470733880996704
-2.9043221473693848,-0.7123309969902039
-2.765338182449341,-0.753571093082428
-3.852876663208008,-0.8800591230392456
-2.09130597114563,-0.4336828887462616
-2.8587050437927246,-0.6647893786430359
-3.838447093963623,-0.8062905073165894
-2.0604934692382812,-0.5133160352706909
-2.6947450637817383,-0.6806739568710327
-2.7960245609283447,-0.7191447019577026
-2.863645076751709,-0.6400746703147888
-2.800060749053955,-0.626693606376648
-4.843532085418701,-0.7599157094955444
-10.861583709716797,-2.2358615398406982
-3.56610369682312,-0.6964501142501831
-2.8523600101470947,-0.42569226026535034
-2.8112785816192627,-0.4361182153224945
-6.9642558097839355,-1.5789045095443726
-3.883652687072754,-1.156840205192566
-4.332088947296143,-1.3555610179901123
-5.688200950622559,-1.7498893737792969
-5.757815361022949,-1.5274138450622559
-4.452713966369629,-1.237857699394226
-2.8226101398468018,-1.7625722885131836
-2.8572921752929688,-1.0427546501159668
-2.643995761871338,-1.240189552307129
-3.273125171661377,-1.3430087566375732
-4.052439212799072,-1.70162832736969
-2.040958881378174,-1.0314948558807373
-2.8191914558410645,-1.50469172000885
-4.043198585510254,-1.5825260877609253
-2.070831775665283,-0.8046109080314636
-3.589179039001465,-1.216670036315918
-3.7465105056762695,-1.1815725564956665
-2.205152988433838,-0.6534574031829834
-2.760833501815796,-0.959597647190094
-3.4208741188049316,-1.0503475666046143
-2.5531511306762695,-0.7205140590667725
-2.7619197368621826,-0.8379235863685608
-2.873898983001709,-0.9302963018417358
-3.0505104064941406,-0.9859220385551453
-1.8432694673538208,-0.8785068988800049
-3.8728766441345215,-1.0902595520019531
-3.4552016258239746,-1.3301860094070435
-2.3360509872436523,-0.8808825016021729
-4.477720260620117,-1.0076448917388916
-1.3164235353469849,-0.28597933053970337
-0.16445964574813843,-0.030098913237452507
-2.7378835678100586,-0.3396296799182892
-0.22698462009429932,-0.060278404504060745
-1.5448496341705322,-0.45426660776138306
-5.464964389801025,-1.11751389503479
-3.9508109092712402,-1.0791501998901367
-4.869651794433594,-1.0190566778182983
-2.17173433303833,-0.5759055614471436
-2.9205896854400635,-0.5328903794288635
-3.4586000442504883,-0.612656831741333
-5.333475589752197,-0.8420839309692383
-3.9626145362854004,-1.134095549583435
-1.9153735637664795,-0.29763320088386536
-2.586723804473877,-0.5860008001327515
-4.406191349029541,-0.821363091468811
-1.8766690492630005,-0.2978699505329132
-2.663947105407715,-0.4738328158855438
-3.443283796310425,-0.5520028471946716
-2.723665714263916,-0.5515025854110718
-3.277738571166992,-0.6711774468421936
-5.00805139541626,-1.0485368967056274
-9.601645469665527,-2.018294095993042
-4.4396586418151855,-0.788931667804718
-2.9823005199432373,-0.5500916838645935
-2.9099252223968506,-0.616485595703125
-6.411932468414307,-1.2290362119674683
-11.37790298461914,-2.460235357284546
-4.217079162597656,-1.0021069049835205
-2.814988374710083,-0.6025884747505188
-5.280389308929443,-1.6545790433883667
-3.4300432205200195,-0.9220048189163208
-4.8727030754089355,-1.1870657205581665
-5.612932205200195,-1.185699224472046
-4.317543029785156,-0.8897422552108765
-7.156630039215088,-2.232935905456543
-4.050693035125732,-1.6309396028518677
-7.440725326538086,-4.093794345855713
-6.994024753570557,-2.9912333488464355
-5.352456092834473,-2.01383113861084
-4.1032514572143555,-1.1473281383514404
-8.64051628112793,-2.6383888721466064
-5.377813339233398,-1.5051040649414062
-4.874079704284668,-1.6313297748565674
-3.446960926055908,-0.7775307297706604
-4.277653694152832,-4.038894176483154
-2.061811923980713,-0.6044988632202148
-2.790130853652954,-0.6574949026107788
-3.111121416091919,-0.6279541254043579
-4.012925148010254,-5.178097724914551
-2.1185719966888428,-0.722460150718689
-2.9956796169281006,-0.9676424264907837
-4.650355815887451,-2.462757110595703
-4.311279296875,-3.4916505813598633
-6.16087007522583,-3.0722079277038574
-2.1191964149475098,-0.5212695598602295
-2.722170114517212,-0.6677231192588806
-2.825995445251465,-0.6054660081863403
-2.891902446746826,-0.7734056115150452
-3.548032760620117,-0.7105742692947388
-6.270856857299805,-1.4507780075073242
-5.419177055358887,-1.427371859550476
-8.188884735107422,-2.029249906539917
-4.966822147369385,-1.4497792720794678
-7.202837944030762,-1.8864941596984863
-2.040376663208008,-0.5369370579719543
-3.46630597114563,-0.7913408875465393
-4.921205043792725,-1.447265863418579
-2.025947093963623,-0.5059988498687744
-2.6854934692382812,-0.6230837106704712
-3.2572450637817383,-0.7792294025421143
-4.421024322509766,-2.260570764541626
-8.019895553588867,-3.3769423961639404
-7.768810749053955,-2.1641013622283936
-2.156032085418701,-0.4766795039176941
-2.6740832328796387,-0.6192111372947693
-2.87860369682312,-0.4722155034542084
-2.7898600101470947,-0.5601429343223572
-3.6862785816192627,-0.7360512018203735
-6.3080058097839355,-1.526370644569397
-3.883652687072754,-0.8231714963912964
-4.957088947296143,-1.0081297159194946
-5.500700950622559,-1.3889617919921875
-5.757815361022949,-1.6781878471374512
-2.140213966369629,-0.5419116616249084
-2.8851101398468018,-0.9182795882225037
-4.607292175292969,-1.5818066596984863
-2.143995761871338,-0.6284497380256653
-2.648125171661377,-0.7177349925041199
-2.8024392127990723,-0.7875295877456665
-2.728458881378174,-0.8488011360168457
-4.4441914558410645,-0.9770447611808777
-5.043198585510254,-1.4294344186782837
-4.320831775665283,-3.568101406097412
-7.401679039001465,-9.211779594421387
-2.6840105056762695,-5.697429180145264
-3.955152988433838,-1.0957024097442627
-9.323333740234375,-3.4618005752563477
-4.545874118804932,-1.3634285926818848
-6.0531511306762695,-1.4002224206924438
-7.699419975280762,-2.2683911323547363
-5.561398983001709,-1.2689423561096191
-6.300510406494141,-2.5828464031219482
-3.2807693481445312,-0.7116701602935791
-3.1853766441345215,-0.8267742991447449
-3.5802016258239746,-0.9231860041618347
-3.7735509872436523,-0.8917911052703857
-5.352720260620117,-1.2771625518798828
-9.316423416137695,-2.6497738361358643
-8.212872505187988,-2.283087730407715
-8.557721138000488,-3.2518343925476074
-13.988314628601074,-10.557406425476074
-2.152167320251465,-1.4594337940216064
-3.6966147422790527,-3.468903064727783
-9.114908218383789,-7.032304286956787
-2.0805509090423584,-0.7005396485328674
-2.386054515838623,-0.9756187796592712
-3.560837745666504,-1.2242307662963867
-2.390305995941162,-1.383695363998413
-2.917372703552246,-2.8289971351623535
-1.1448025703430176,-0.9723453521728516
-3.252941608428955,-3.3309483528137207
-4.94697380065918,-1.163109302520752
-1.7936118841171265,-0.5663224458694458
-0.6180881261825562,-0.34754064679145813
-7.287479400634766,-2.024191379547119
-0.3550323247909546,-0.21574226021766663
-0.2844325006008148,-0.05085625499486923
-0.0033654500730335712,-0.0036298527847975492
-0.12392371147871017,-0.041225187480449677
-1.4794456958770752,-0.39585235714912415
-0.20854713022708893,-0.051433268934488297
-1.2896672487258911,-0.2629762887954712
-5.7726216316223145,-0.9510481357574463
-3.9203739166259766,-0.6384466290473938
-3.540644645690918,-0.44343432784080505
-5.453657627105713,-1.7192753553390503
-3.9532508850097656,-0.7246183753013611
-3.669337511062622,-0.6071845889091492
-4.450952529907227,-0.6124972701072693
-3.416595697402954,-0.33439329266548157
-3.866945266723633,-0.32321813702583313
-5.364555358886719,-0.6802340745925903
-2.7575855255126953,-0.24671539664268494
-2.2381811141967773,-0.2217947393655777
-3.4514312744140625,-0.2828517258167267
-1.9271442890167236,-0.21999984979629517
-3.0486245155334473,-0.292752206325531
-2.9915146827697754,-0.24867025017738342
-3.4890801906585693,-0.3126407265663147
-2.0274903774261475,-0.6193760633468628
-3.1666669845581055,-0.6057571172714233
-2.38690447807312,-0.6384276151657104
-5.178114891052246,-0.8937892913818359
-5.496558666229248,-0.625637412071228
-5.060374736785889,-0.41560813784599304
-2.109001636505127,-0.20935259759426117
-2.9727466106414795,-0.27070072293281555
-4.04274845123291,-0.31793662905693054
-3.9286179542541504,-0.2733030617237091
-3.4714701175689697,-0.3840925097465515
-6.109173774719238,-1.0484691858291626
-4.906286239624023,-0.869310200214386
-6.668889999389648,-1.2415353059768677
-4.929593563079834,-0.974969208240509
-9.561779022216797,-2.4268572330474854
-4.121889114379883,-1.373941421508789
-6.6390790939331055,-2.1677041053771973
-7.704231262207031,-2.4272544384002686
-5.376221656799316,-1.7152565717697144
-4.62910795211792,-1.4632624387741089
-8.234664916992188,-2.7918646335601807
-5.019284248352051,-2.157790184020996
-5.204156398773193,-1.5269521474838257
-11.120806694030762,-5.643680095672607
-4.1859331130981445,-1.4597152471542358
-5.629659175872803,-1.8674083948135376
-3.57928204536438,-0.8790870308876038
-2.7147748470306396,-0.7280493378639221
-2.695298910140991,-0.6761944890022278
-7.2648210525512695,-1.6446807384490967
-3.9563088417053223,-1.3119502067565918
-6.4001312255859375,-1.9014995098114014
-5.668023586273193,-1.5396044254302979
-6.792231559753418,-1.5053813457489014
-4.524788856506348,-1.7907742261886597
-5.978676795959473,-2.5895562171936035
-6.826262950897217,-2.1328036785125732
-5.005117893218994,-1.9030777215957642
-8.226212501525879,-4.48760986328125
-4.521193504333496,-1.027788758277893
-2.7897298336029053,-0.6529456377029419
-3.001715898513794,-0.7786725759506226
-2.5438733100891113,-0.5932650566101074
-3.920860767364502,-0.9113996624946594
-2.0479307174682617,-0.45261991024017334
-3.3038742542266846,-0.7152207493782043
-3.3097097873687744,-0.7667456865310669
-3.57385516166687,-0.9205881953239441
-2.0522947311401367,-0.5573744177818298
-4.780281066894531,-1.7557228803634644
-2.9974429607391357,-0.9335087537765503
-2.5919840335845947,-0.7062386274337769
-2.7855942249298096,-0.824775218963623
-4.640834808349609,-1.9737333059310913
-2.946683645248413,-0.9545286893844604
-2.605339288711548,-0.7344042062759399
-4.51857852935791,-1.2664387226104736
-2.165944814682007,-0.45932984352111816
-3.274916648864746,-0.8717715740203857
-2.670980453491211,-0.6083136796951294
-3.6970419883728027,-0.8331783413887024
-2.1450791358947754,-0.5082002282142639
-2.9521517753601074,-0.7663213014602661
-3.82342529296875,-0.8596555590629578
-3.3658552169799805,-0.7762381434440613
-2.874492645263672,-0.5681267380714417
-2.960839033126831,-0.6292856931686401
-7.129321098327637,-1.4428755044937134
-4.362245559692383,-1.0195767879486084
-4.414859771728516,-1.2463469505310059
-5.185746192932129,-1.3085609674453735
-5.658618927001953,-1.217373013496399
-4.695427894592285,-0.9308087825775146
-2.5067343711853027,-1.1712121963500977
-2.8385581970214844,-0.6686647534370422
-3.1741714477539062,-0.5700311660766602
-4.584076881408691,-0.8159932494163513
-2.9909496307373047,-0.46115630865097046
-4.463220119476318,-0.668283998966217
-4.6569504737854,-0.7827279567718506
-5.291855812072754,-1.6502923965454102
-3.2964789867401123,-0.6163856983184814
-4.02713680267334,-0.9418057799339294
-2.7646281719207764,-0.7700982093811035
-2.31117582321167,-0.8241032958030701
-2.6522068977355957,-0.7343285083770752
-4.89555025100708,-1.467954158782959
-9.97533130645752,-3.3175408840179443
-8.34323787689209,-2.5638267993927
-5.196816444396973,-1.2616944313049316
-4.034852027893066,-1.071696162223816
-3.371173858642578,-0.6018100380897522
-2.677499771118164,-0.5065529346466064
-3.1592841148376465,-0.5164235830307007
-2.2035274505615234,-0.2944782078266144
-3.02323579788208,-0.5278749465942383
-3.3860931396484375,-0.4683188199996948
-4.155635833740234,-0.9131002426147461
-2.0367743968963623,-0.2106928676366806
-3.031263828277588,-0.5004967451095581
-2.781792640686035,-0.4041699469089508
-0.6090942621231079,-0.2537923753261566
-0.9132221937179565,-0.07971808314323425
-0.4382971227169037,-0.06142091378569603
-0.3517666459083557,-0.02109602838754654
-0.003954805433750153,-0.0007653087959624827
-0.12392371147871017,-0.02545173466205597
-2.604445695877075,-0.31245654821395874
-0.20854713022708893,-0.048612091690301895
-1.2896672487258911,-0.6117005348205566
-4.9601216316223145,-1.713031530380249
-3.1703739166259766,-0.7631577253341675
-3.040644645690918,-0.7577862739562988
-6.578657627105713,-1.024929165840149
-5.015750885009766,-0.9204943180084229
-2.044337511062622,-0.3966497778892517
-3.4509525299072266,-0.7270025610923767
-2.291595697402954,-0.44028806686401367
-4.241945266723633,-0.8306143283843994
-4.489555358886719,-1.0617897510528564
-1.8825855255126953,-0.3291194438934326
-3.0506811141967773,-0.44449910521507263
-2.9514312744140625,-0.47077494859695435
-3.8646442890167236,-0.7476959824562073
-1.9861243963241577,-0.34161561727523804
-2.9290146827697754,-0.521977424621582
-4.489080429077148,-0.7106619477272034
-3.9649903774261475,-0.6607232093811035
-2.9166669845581055,-1.075087308883667
-5.199404716491699,-1.3441675901412964
-8.459364891052246,-1.5060667991638184
-4.121558666229248,-0.7937267422676086
-2.9353747367858887,-0.4470718502998352
-2.921501636505127,-0.44619306921958923
-5.847746849060059,-1.0816506147384644
-10.73024845123291,-1.9708647727966309
-3.9286179542541504,-0.7432782053947449
-2.8464701175689697,-0.36534661054611206
-5.921673774719238,-0.7116023898124695
-3.5312864780426025,-0.5575355291366577
-8.012639999389648,-1.2706613540649414
-4.179593563079834,-0.6417821645736694
-7.561779022216797,-1.156538486480713
-5.434389114379883,-1.0688151121139526
-2.2015793323516846,-0.3327033519744873
-2.954231023788452,-0.5316175818443298
-2.5012218952178955,-0.39790117740631104
-4.62910795211792,-0.7064792513847351
-2.1409153938293457,-0.3759025037288666
-3.144284248352051,-0.5425987839698792
-2.5791563987731934,-0.4579617381095886
-4.402056694030762,-0.6148793697357178
-2.7484333515167236,-0.5369083881378174
-7.629659175872803,-0.854191243648529
-2.07928204536438,-0.4325748383998871
-2.9647748470306396,-0.4837772250175476
-2.507798910140991,-0.39095041155815125
-6.1398210525512695,-0.692007839679718
-6.018808841705322,-0.734305202960968
-2.0876309871673584,-0.3341158926486969
-3.1055235862731934,-0.5976847410202026
-2.542231798171997,-0.4588518738746643
-3.5872890949249268,-0.5152239203453064
-2.1036767959594727,-0.35133111476898193
-4.326262950897217,-0.9326766133308411
-3.255117893218994,-0.6400249600410461
-2.569962501525879,-0.48704132437705994
-6.333693504333496,-0.7267144322395325
-6.352230072021484,-0.7462878227233887
-2.751715898513794,-0.379935085773468
-2.7313733100891113,-0.5180653929710388
-6.608360767364502,-1.4632600545883179
-4.047930717468262,-0.6292135715484619
-6.6163740158081055,-1.1497166156768799
-2.0597097873687744,-0.4703361988067627
-3.32385516166687,-0.7700182199478149
-3.3647947311401367,-0.6734718084335327
-6.717781066894531,-0.8759852051734924
-4.247443199157715,-0.9353380799293518
-5.779483795166016,-1.0396100282669067
-4.5355939865112305,-0.6590814590454102
-2.7658348083496094,-0.4468035399913788
-7.790433883666992,-0.7832604646682739
-2.167839288711548,-0.3345378339290619
-3.8310787677764893,-0.9885080456733704
-3.415944814682007,-0.601351261138916
-2.649916648864746,-0.5578151941299438
-4.358480453491211,-1.049526572227478
-2.1970419883728027,-0.33175820112228394
-3.4575791358947754,-0.6080492734909058
-3.5146517753601074,-0.5945183634757996
-3.76092529296875,-0.5541782975196838
-2.1158552169799805,-0.3856925666332245
-2.874492645263672,-0.720062792301178
-3.710839033126831,-0.6738938689231873
-3.4418210983276367,-0.605718195438385
-6.299745559692383,-0.714446485042572
-6.539859771728516,-0.6982002258300781
-2.873246431350708,-0.35805484652519226
-2.721118927001953,-0.41224488615989685
-7.257927894592285,-0.9919817447662354
-4.694234371185303,-0.6243888139724731
-4.713558197021484,-0.5681306719779968
-5.861671447753906,-0.7272783517837524
-5.959076881408691,-0.7537080645561218
-4.240949630737305,-0.5137172341346741
-1.963220238685608,-0.30066677927970886
-8.594450950622559,-0.8791212439537048
-4.291855812072754,-0.7848548889160156
-3.2964789867401123,-0.5432522296905518
-2.96463680267334,-0.359451025724411
-6.9521284103393555,-0.6359959840774536
-6.31117582321167,-0.7217385172843933
-2.7772068977355957,-0.2956104278564453
-3.27055025100708,-0.5545634627342224
-2.2253315448760986,-0.33824533224105835
-3.40573787689209,-0.5845164060592651
-3.6343164443969727,-0.7449068427085876
-2.4098520278930664,-0.2755037248134613
-3.121173858642578,-0.4595237970352173
-3.239999771118164,-0.4808766841888428
-4.3467841148376465,-0.5382561683654785
-2.2035274505615234,-0.22402915358543396
-3.52323579788208,-0.3615298569202423
-4.7610931396484375,-0.5055344104766846
-4.905635833740234,-0.4599165916442871
-7.286774635314941,-0.7227809429168701
-5.843763828277588,-0.782013475894928
-1.5317925214767456,-0.2743276357650757
-0.6090942621231079,-0.21644116938114166
-6.850722312927246,-1.3319228887557983
-0.4382971227169037,-0.2840676009654999
-0.3517666459083557,-0.03557100147008896
-0.003954805433750153,-0.000529860844835639
-0.12392371147871017,-0.029532594606280327
-2.604445695877075,-0.18974913656711578
-0.20854713022708893,-0.04863478243350983
-1.2896672487258911,-0.278693825006485
-4.9601216316223145,-0.8992078900337219
-3.1703739166259766,-0.5854335427284241
-3.040644645690918,-0.550579309463501
-3.953657627105713,-1.2738128900527954
-2.2032508850097656,-0.33802077174186707
-3.294337511062622,-0.5375985503196716
-3.3259525299072266,-0.461669385433197
-4.166595458984375,-0.561640202999115
-3.991945266723633,-0.8952711224555969
-1.8645552396774292,-0.2421572357416153
-3.1325855255126953,-0.5477176904678345
-2.2381811141967773,-0.3090158998966217
-3.8889312744140625,-0.4815773069858551
-1.9271442890167236,-0.2338692545890808
-2.9236245155334473,-0.3678622245788574
-4.179014682769775,-0.4992006719112396
-3.9890801906585693,-0.5326790809631348
-2.9649903774261475,-0.40540724992752075
-5.1041669845581055,-0.5615295171737671
-9.6056547164917,-1.173891544342041
-4.240614891052246,-0.3954803943634033
-2.871558666229248,-0.2784930169582367
-2.9353747367858887,-0.306081086397171
-5.859001636505127,-0.7931693196296692
-10.691496849060059,-1.419519305229187
-3.980248212814331,-0.42969441413879395
-2.8661179542541504,-0.4537690579891205
-3.3464701175689697,-0.6908439993858337
-3.4841740131378174,-0.7283232808113098
-7.218786239624023,-1.2224924564361572
-5.918889999389648,-1.1681212186813354
-4.179593563079834,-0.6288312673568726
-5.249279022216797,-0.9754682779312134
-2.121889114379883,-0.6918200254440308
-3.0140793323516846,-0.5825772285461426
-2.579231023788452,-0.5634008646011353
-3.6887218952178955,-0.9762202501296997
-2.06660795211792,-0.42763128876686096
-3.3284153938293457,-0.6004369854927063
-3.269284248352051,-0.7439135313034058
-3.8291563987731934,-0.9809511303901672
-4.652056694030762,-1.2231757640838623
-2.1234333515167236,-0.5143445730209351
-3.1921591758728027,-0.918042004108429
-2.51678204536438,-0.684066116809845
-3.5272748470306396,-0.7818830609321594
-2.695298910140991,-0.7081155776977539
-2.9523208141326904,-0.7709132432937622
-3.6438088417053223,-0.8084453344345093
-8.056381225585938,-5.315535545349121
-4.293023586273193,-1.713719129562378
-5.729731559753418,-3.280017614364624
-7.024788856506348,-9.321714401245117
-2.1036767959594727,-4.8046979904174805
-2.513762950897217,-2.2286760807037354
-4.130117893218994,-2.382209062576294
-2.069962501525879,-0.7447836399078369
-3.333693504333496,-0.9056733250617981
-3.3522298336029053,-0.974388837814331
-3.564215898513794,-1.0521811246871948
-2.0438733100891113,-0.5035777688026428
-2.920860767364502,-1.865079402923584
-2.9229307174682617,-0.9837514162063599
-3.7413742542266846,-0.7891758680343628
-2.8097097873687744,-0.5880785584449768
-3.13635516166687,-0.6747843027114868
-3.7397947311401367,-0.8164939284324646
-6.592781066894531,-1.3188300132751465
-4.247443199157715,-0.864067018032074
-5.779483795166016,-1.244760274887085
-4.9105939865112305,-1.1016799211502075
-2.2033348083496094,-0.6255794763565063
-3.259183645248413,-0.9267741441726685
-2.605339288711548,-0.7963759303092957
-4.64357852935791,-0.9848032593727112
-2.165944814682007,-0.5397397875785828
-2.899916648864746,-1.3550950288772583
-2.983480453491211,-1.0192357301712036
-3.9470419883728027,-0.9732826948165894
-2.1450791358947754,-0.4719434678554535
-3.2646517753601074,-0.8551618456840515
-2.57342529296875,-0.6967743635177612
-3.6783552169799805,-0.8204829692840576
-2.061992645263672,-0.40754348039627075
-3.398339033126831,-1.4460028409957886
-3.3168210983276367,-1.3537057638168335
-3.362245559692383,-0.7961125373840332
-4.164859771728516,-0.9225466847419739
-2.873246431350708,-0.6406911611557007
-5.033618927001953,-1.1698650121688843
-3.945427656173706,-0.9418830871582031
-10.256733894348145,-1.9385758638381958
-2.5885581970214844,-0.57878178358078
-4.174171447753906,-2.2946887016296387
-4.584076881408691,-1.4393810033798218
-3.2409496307373047,-0.8117392063140869
-5.963220119476318,-1.5209670066833496
-9.313200950622559,-2.7593109607696533
-3.229356050491333,-0.7272123694419861
-3.2964789867401123,-0.8535863161087036
-4.15213680267334,-1.0418723821640015
-4.2021284103393555,-0.8678655624389648
-5.68617582321167,-1.0315965414047241
-8.495957374572754,-1.5997036695480347
-9.208049774169922,-2.07684588432312
-6.9128313064575195,-1.5805132389068604
-12.31198787689209,-3.135476589202881
-6.384316444396973,-1.5868266820907593
-9.003602027893066,-3.0433218479156494
-7.496173858642578,-3.0377981662750244
-9.427499771118164,-2.9561004638671875
-7.2217841148376465,-1.631116271018982
-9.391027450561523,-3.5010790824890137
-2.77323579788208,-0.5867282748222351
-3.6360931396484375,-0.6671056747436523
-3.4681358337402344,-0.8213213682174683
-3.6617743968963623,-0.887996256351471
-5.531263828277588,-0.7930972576141357
-1.5317925214767456,-0.4617263674736023
-0.6090942621231079,-0.22477269172668457
-6.850722312927246,-1.384203553199768
-0.4382971227169037,-0.20028047263622284
-0.3517666459083557,-0.03201767057180405
-0.003954805433750153,-0.0011115020606666803
-0.12392371147871017,-0.05778470262885094
-2.604445695877075,-0.27752429246902466
-0.20854713022708893,-0.13576626777648926
-1.2896672487258911,-0.3937743604183197
-6.8351216316223145,-2.02644944190979
-2.9828739166259766,-1.0135188102722168
-3.103144645690918,-0.7128085494041443
-3.078657627105713,-0.5917176604270935
-4.265750885009766,-1.2909605503082275
-2.044337511062622,-0.5135582089424133
-3.4509525299072266,-0.8754104971885681
-2.291595697402954,-0.6719006896018982
-4.616945266723633,-1.0813097953796387
-1.8645552396774292,-0.490119993686676
-3.0075855255126953,-0.8056528568267822
-2.8631811141967773,-0.8491384387016296
-3.8889312744140625,-1.541901707649231
-1.9271442890167236,-0.7064330577850342
-2.9236245155334473,-0.9479338526725769
-4.179014682769775,-1.4860024452209473
-3.9890801906585693,-1.3656225204467773
-6.589990615844727,-2.2307815551757812
-4.8541669845581055,-1.5551121234893799
-2.94940447807312,-0.5103304982185364
-5.053114891052246,-0.9687586426734924
-8.715309143066406,-1.9092223644256592
-4.247874736785889,-0.7034088969230652
-2.921501636505127,-0.5349493026733398
-2.8477466106414795,-0.47323623299598694
-5.85524845123291,-1.1827033758163452
-10.334867477416992,-2.7004106044769287
-4.158969879150391,-0.904717743396759
-2.7966740131378174,-0.5176905393600464
-3.4062864780426025,-0.7348407506942749
-3.4813899993896484,-0.801758885383606
-7.492093563079834,-1.2913639545440674
-6.124279022216797,-1.3300753831863403
-4.121889114379883,-0.9634016156196594
-5.2640790939331055,-1.443049669265747
-2.079231023788452,-0.46381625533103943
-3.0637218952178955,-0.6822190284729004
-2.56660795211792,-0.4920082092285156
-3.8284153938293457,-1.284518837928772
-2.081784248352051,-0.42007172107696533
-3.3291563987731934,-0.7374677658081055
-3.277056932449341,-0.6758704781532288
-3.9359333515167236,-1.2315027713775635
-4.692159175872803,-1.310752511024475
-2.07928204536438,-0.480605810880661
-3.1522748470306396,-0.8042405843734741
-2.507798910140991,-0.5407809019088745
-3.6398208141326904,-0.617581307888031
-2.7688088417053223,-0.4087753891944885
-2.9001309871673584,-0.5340955853462219
-3.6680235862731934,-0.5881187915802002
-6.604731559753418,-0.978274941444397
-2.0872890949249268,-0.31409817934036255
-2.8536767959594727,-0.5391621589660645
-2.513762950897217,-0.4753652513027191
-5.005117893218994,-1.5160492658615112
-2.069962501525879,-0.25480523705482483
-3.083693504333496,-0.6422573924064636
-2.5397298336029053,-0.398931086063385
-4.439215660095215,-0.734083890914917
-5.418873310089111,-0.86673504114151
-2.108360767364502,-0.34638381004333496
-4.235430717468262,-1.1110622882843018
-3.3038742542266846,-0.821934163570404
-2.5597097873687744,-0.6209859848022461
-3.76135516166687,-0.6505707502365112
-2.8022947311401367,-0.4557168483734131
-3.1552810668945312,-0.7038968801498413
-3.8099429607391357,-0.6141376495361328
-7.029483795166016,-1.1531813144683838
-6.0980939865112305,-1.2056033611297607
-2.2033348083496094,-0.4950505793094635
-3.446683645248413,-0.9203122854232788
-3.417839288711548,-0.8763052225112915
-6.83107852935791,-1.1936975717544556
-2.165944814682007,-0.5089049339294434
-3.899916648864746,-1.2993574142456055
-3.545980453491211,-0.9501059055328369
-2.6345419883728027,-0.8538378477096558
-4.520079135894775,-1.160008192062378
-5.577151775360107,-1.2704354524612427
-2.13592529296875,-0.5959733128547668
-3.6783552169799805,-1.245112419128418
-2.499492645263672,-1.3070017099380493
-3.710839033126831,-1.8500183820724487
-4.129321098327637,-0.8723608255386353
-2.987245559692383,-0.8300548195838928
-4.852359771728516,-1.1263309717178345
-4.123246192932129,-1.0802276134490967
-10.471118927001953,-2.63504958152771
-2.257927656173706,-0.5777609944343567
-2.9442343711853027,-1.249414324760437
-3.1510581970214844,-1.1960021257400513
-3.0491714477539062,-1.9039329290390015
-6.771576881408691,-1.7705899477005005
-2.9909496307373047,-0.8854874968528748
-4.713220119476318,-1.7204619646072388
-6.5319504737854,-1.4301127195358276
-7.698105812072754,-1.5441315174102783
-3.2964789867401123,-0.5773733258247375
-3.15213680267334,-0.8879856467247009
-4.0771284103393555,-0.9429705142974854
-5.74867582321167,-3.7081243991851807
-5.777206897735596,-1.1467353105545044
-2.89555025100708,-0.7973535656929016
-2.2253315448760986,-1.1344518661499023
-6.09323787689209,-1.3591129779815674
-9.571816444396973,-2.7994472980499268
-6.472352027893066,-1.7808177471160889
-6.621173858642578,-1.7126737833023071
-8.427499771118164,-1.9388184547424316
-11.003033638000488,-7.365424156188965
-8.109777450561523,-1.8860042095184326
-2.77323579788208,-0.6059573292732239
-3.6360931396484375,-0.7562437057495117
-3.4681358337402344,-0.8718646764755249
-3.6617743968963623,-0.8629991412162781
-5.531263828277588,-0.9704787731170654
-1.5317925214767456,-0.4122547209262848
-0.6090942621231079,-0.3457230031490326
-6.850722312927246,-2.077357053756714
-0.4382971227169037,-0.3044399917125702
-0.3517666459083557,-0.05348886922001839
-0.003954805433750153,-0.0017600480932742357
-0.12392371147871017,-0.022155484184622765
-1.4794456958770752,-0.19336335361003876
-0.20854713022708893,-0.027131030336022377
-1.2896672487258911,-0.2743825912475586
-2.6476216316223145,-0.6189919710159302
-3.0453739166259766,-0.6893093585968018
-3.978144645690918,-0.9640254974365234
-3.953657627105713,-1.6399260759353638
-2.8282508850097656,-1.1477627754211426
-8.263087272644043,-4.756205081939697
-4.388452529907227,-2.095651388168335
-3.791595697402954,-1.176342248916626
-4.429445266723633,-1.2380517721176147
-1.8645552396774292,-0.3603125512599945
-2.7575855255126953,-0.3728915750980377
-2.2381811141967773,-0.27760905027389526
-3.4514312744140625,-0.39945241808891296
-1.9271442890167236,-0.28158706426620483
-3.0486245155334473,-0.36769622564315796
-2.9915146827697754,-0.37750300765037537
-3.4890801906585693,-0.35682550072669983
-4.089990615844727,-0.4836439788341522
-2.0416669845581055,-0.29447194933891296
-3.26190447807312,-0.4329952299594879
-2.428115129470825,-0.3394128680229187
-3.621558666229248,-0.7028306126594543
-2.9353747367858887,-0.757897138595581
-2.984001636505127,-0.5603694319725037
-3.5352466106414795,-0.8006325960159302
-9.73024845123291,-4.42479944229126
-5.61611795425415,-5.874325752258301
-5.158969879150391,-5.9710493087768555
-6.484173774719238,-1.5049327611923218
-6.656286239624023,-1.1470491886138916
-4.731389999389648,-0.7446632385253906
-4.429593563079834,-1.3706072568893433
-3.936779022216797,-1.3742270469665527
-3.746889114379883,-0.5793485045433044
-4.2015790939331055,-1.163241982460022
-3.641731023788452,-0.7424047589302063
-10.688721656799316,-2.06066632270813
-5.56660795211792,-1.407421588897705
-3.5159153938293457,-1.0498675107955933
-2.831784248352051,-0.6388917565345764
-3.2041563987731934,-0.9923847317695618
-3.589556932449341,-0.7384210228919983
-11.810933113098145,-2.8855271339416504
-6.567159175872803,-1.6463052034378052
-5.829281806945801,-1.3141027688980103
-5.714775085449219,-1.8146498203277588
-7.85154914855957,-1.9460351467132568
-8.88982105255127,-2.308885097503662
-8.362558364868164,-2.2990827560424805
-9.837631225585938,-2.665106773376465
-6.105523586273193,-2.196078300476074
-3.667231798171997,-0.7346750497817993
-2.7122890949249268,-0.6894592046737671
-4.853676795959473,-1.4385859966278076
-3.701262950897217,-1.0247982740402222
-14.544179916381836,-4.58511209487915
-7.663712501525879,-2.205432176589966
-4.333693504333496,-3.539994955062866
-5.852230072021484,-1.4786741733551025
-5.876715660095215,-1.4838690757751465
-6.543873310089111,-1.047800064086914
-2.108360767364502,-0.41928958892822266
-2.9229307174682617,-0.5169693231582642
-4.1788740158081055,-0.6094459295272827
-3.6847097873687744,-0.5853437781333923
-3.76135516166687,-0.5201997756958008
-2.8022947311401367,-0.2112128585577011
-4.655281066894531,-0.37076207995414734
-10.622443199157715,-1.0834927558898926
-3.5919840335845947,-0.265531450510025
-2.7855942249298096,-0.18463049829006195
-2.7658348083496094,-0.17228521406650543
-5.071683883666992,-0.306723952293396
-5.980339050292969,-0.3785145580768585
-3.5810787677764893,-0.252212256193161
-4.728445053100586,-0.42717060446739197
-2.899916648864746,-0.34576815366744995
-2.670980453491211,-0.20431897044181824
-4.134541988372803,-1.2954398393630981
-2.1450791358947754,-0.20243525505065918
-3.4521517753601074,-0.3736951947212219
-3.51092529296875,-0.33625057339668274
-4.1783552169799805,-0.4158284664154053
-3.749492645263672,-1.1771053075790405
-2.085839033126831,-0.2301814705133438
-3.3168210983276367,-0.5478464961051941
-2.612245559692383,-0.3594438433647156
-3.4773600101470947,-0.6434808373451233
-2.060746431350708,-0.24739421904087067
-2.721118927001953,-0.37665894627571106
-3.070427656173706,-0.6111046671867371
-3.0067343711853027,-0.5916193127632141
-6.401058197021484,-1.5671731233596802
-4.174171447753906,-0.9153204560279846
-2.8340768814086914,-0.6008790731430054
-4.053449630737305,-0.6384623646736145
-1.463220238685608,-0.21774646639823914
-0.12392371147871017,-0.016528982669115067
-2.604445695877075,-0.15640294551849365
-0.20854713022708893,-0.038619283586740494
-1.2896672487258911,-0.2299596220254898
-4.9601216316223145,-0.719855546951294
-3.1703739166259766,-0.3821771740913391
-3.040644645690918,-0.3159051835536957
-3.953657627105713,-0.6342306733131409
-2.2032508850097656,-0.20739981532096863
-3.294337511062622,-0.3175584375858307
-3.3259525299072266,-0.300566166639328
-4.166595458984375,-0.36567655205726624
-3.991945266723633,-0.7176489233970642
-1.8645552396774292,-0.16393999755382538
-3.1325855255126953,-0.38509097695350647
-2.2381811141967773,-0.29934197664260864
-3.8889312744140625,-0.9413573741912842
-1.9271442890167236,-0.33779221773147583
-2.9236245155334473,-0.4688776433467865
-4.179014682769775,-0.5721330642700195
-3.9890801906585693,-0.56903076171875
-2.9649903774261475,-0.3725747764110565
-5.1041669845581055,-0.3893206715583801
-9.6056547164917,-0.6800889372825623
-4.240614891052246,-0.32712027430534363
-2.871558666229248,-0.16703195869922638
-2.9353747367858887,-0.23605577647686005
-5.859001636505127,-0.39614203572273254
-10.691496849060059,-1.1768170595169067
-3.980248212814331,-0.330163836479187
-2.8661179542541504,-0.20506003499031067
-3.3464701175689697,-0.34702062606811523
-3.4841740131378174,-0.36236777901649475
-7.218786239624023,-0.48567503690719604
-5.918889999389648,-0.47797825932502747
-4.179593563079834,-0.4050251543521881
-5.249279022216797,-0.5211119651794434
-2.121889114379883,-0.3696402311325073
-3.0140793323516846,-0.39699384570121765
-2.579231023788452,-0.30486902594566345
-3.6887218952178955,-0.4627005457878113
-2.06660795211792,-0.28466346859931946
-3.3284153938293457,-0.3614923357963562
-3.269284248352051,-0.3214297890663147
-3.8291563987731934,-0.5829547643661499
-4.652056694030762,-0.5432906746864319
-2.1234333515167236,-0.22204528748989105
-3.1921591758728027,-0.43795570731163025
-2.51678204536438,-0.38114288449287415
-3.5272748470306396,-0.32767707109451294
-2.695298910140991,-0.25998637080192566
-2.9523208141326904,-0.31226298213005066
-3.6438088417053223,-0.3521672785282135
-8.056381225585938,-4.353719711303711
-4.293023586273193,-2.024750232696533
-5.729731559753418,-2.057285785675049
-7.024788856506348,-2.1959409713745117
-5.853676795959473,-2.603837251663208
-8.295013427734375,-4.924569606781006
-4.442617893218994,-0.6017081141471863
-2.069962501525879,-0.34146323800086975
-2.958693504333496,-0.4101663827896118
-2.5397298336029053,-0.35105758905410767
-4.126715660095215,-0.6529231667518616
-2.0438733100891113,-0.171424999833107
-3.358360767364502,-0.5339767932891846
-3.3604307174682617,-0.4128137528896332
-3.6788742542266846,-0.4655839800834656
-2.0597097873687744,-0.269549161195755
-4.698855400085449,-0.6254052519798279
-2.9272947311401367,-0.5279375910758972
-3.7802810668945312,-0.40637531876564026
-2.8099429607391357,-0.3097236752510071
-3.1544840335845947,-0.39502355456352234
-3.7855942249298096,-0.37295347452163696
-6.578334808349609,-0.8690203428268433
-4.446683883666992,-0.5101324319839478
-5.667839050292969,-0.7305918335914612
-4.89357852935791,-0.5880244970321655
-4.353445053100586,-0.5854482054710388
-8.931166648864746,-2.3697404861450195
-6.483480453491211,-0.8751963376998901
-4.634541988372803,-0.5440710186958313
-2.1450791358947754,-0.37137722969055176
-4.452151775360107,-0.6557775139808655
-2.88592529296875,-0.5435439944267273
-3.8033552169799805,-0.7243930697441101
-2.061992645263672,-0.3630213439464569
-3.335839033126831,-0.5586145520210266
-2.5668210983276367,-0.44526979327201843
-3.487245559692383,-0.44494694471359253
-2.0398600101470947,-0.3127402067184448
-3.560746431350708,-0.6248757839202881
-5.033618927001953,-1.0773011445999146
-3.757927656173706,-1.5624116659164429
-3.0067343711853027,-0.748019814491272
-3.7135581970214844,-0.704422116279602
-2.2366714477539062,-0.3877916932106018
-5.209076881408691,-0.7586156725883484
-3.9909496307373047,-0.6883816719055176
-11.853845596313477,-2.1249608993530273
-5.5319504737854,-0.7731413841247559
-7.510605812072754,-1.4253008365631104
-8.140229225158691,-1.345548391342163
-5.90213680267334,-1.066935420036316
-11.983378410339355,-2.843500852584839
-8.873675346374512,-1.4896022081375122
-5.152206897735596,-0.7397325038909912
-2.77055025100708,-0.47299954295158386
-3.5378315448760986,-0.6376872062683105
-5.03073787689209,-1.1786161661148071
-3.0718164443969727,-1.4795211553573608
-4.159852027893066,-1.2716509103775024
-4.558673858642578,-1.325607419013977
-1.3649996519088745,-0.7337563633918762
-2.8467841148376465,-2.5620362758636475
-3.7035274505615234,-0.7212813496589661
-2.77323579788208,-0.6307100653648376
-3.6360931396484375,-0.6125702857971191
-3.4681358337402344,-0.5958880186080933
-3.6617743968963623,-0.5631140470504761
-5.531263828277588,-0.8170809149742126
-1.5317925214767456,-0.2203688770532608
-0.6090942621231079,-0.1307622790336609
-6.850722312927246,-0.9399263262748718
-0.4382971227169037,-0.07737771421670914
-0.3517666459083557,-0.024624638259410858
-0.003954805433750153,-0.0008049323223531246
